Five packets of cocaine fall from the trunk of the car.	五包可卡因從汽車後車廂掉了下來。
Holy Mother of God, look at this mess!	天哪，看看這個爛攤子！
I'll get on the radio and call for support, Sonny.	我馬上用無線電叫支援，Sonny。
I'll get on the radio and let dispatch know what's going on, Sonny.	我會用無線電通知勤務中心情況，Sonny。
Go ahead. I'll take care of things out here.	去吧。我來處理這邊的事。
Go ahead and look around. I'll take care of directing traffic.	去看看吧。我來指揮交通。
You lay a flare pattern on the road to block traffic until the accident has been cleaned up.	你在路上擺放警示燈標誌，堵住交通直到事故清理完畢。
I'll take care of directing traffic.	我來指揮交通。
It's the guy from the bar alright. He won't be doing any talking though. But then, he'll never stab another man's wife in a parking lot again, either%s	就是那個在酒吧那傢伙。不過他不會再說話了。但話說回來，他也再不會在停車場捅別人的老婆了%s
Upon opening the trunk of the car, several packets of cocaine fall to the ground. Apparently this guy had several bad vices.	打開車廂的時候，好幾包可卡因掉到地上。看來這傢伙有不少壞習慣。
Hey, Sergeant!	嘿，警佐！
Go ahead, I'll round up the evidence, Sonny.	去吧，我來蒐集證物，Sonny。
Thanks, Sergeant Bonds. I'll stay for the cleanup. You and Officer Morales can take off now.	謝謝你，Bonds 警佐。我會留下來收拾。你和 Morales 警員現在可以走了。
Ah, Bonds! What brings a Sergeant to this minor little mishap?	啊，Bonds！一個警佐怎麼會來這種小事故？
The stiff was a suspect on a case of mine.	這個死人是我案子裡的嫌犯。
He tried to pop me in a bar back in town. We were in hot pursuit when he rolled his vehicle.	他在城裡的酒吧試圖對我開槍。我們在追捕他時他翻了車。
He matches the description of one Steven Rocklin. But we can't be sure until we have a positive ID.	他符合 Steven Rocklin 的描述。但我們要確認身份才能確定。
I see! Well, he's road pizza now. I didn't see any ID on him. Well, I'll make a positive ID and call you when I have something.	我明白了。嗯，他現在已經沒救了。我身上沒看到身份證件。我會確認身份，有消息就打給你。
Thanks, Leon.	謝謝你，Leon。
You search the battered body but find no identification.	你搜查破損的屍體但沒找到身份證件。
You remove the keys from the ignition.	你從點火開關上拿下鑰匙。
It's already open.	已經打開了。
Your keys don't fit.	你的鑰匙塞不進去。
That won't do any good.	那不會有用。
Pat has already gotten the rest of the equipment.	Pat 已經拿走其他的裝備了。
You haven't finished up here. Don't leave yet.	你還沒在這裡完成。別走。
Morales ignores you.	Morales 無視你。
You can't shoot your partner in cold blood, Sonny.	你不能冷血地射你的搭檔，Sonny。
You've had one ambulance ride too many this week!	你這週救護車坐太多次了！
The attendant is busy looking over the scene.	救護人員忙著查看現場。
Leon just looks at you and shakes his head.	Leon 只是看著你搖搖頭。
You don't need the camera.	你不需要相機。
You have a full flare box.	你的警示燈箱是滿的。
There are no flares in the flare box.	警示燈箱裡沒有警示燈。
OOPS we shouldn't have gotten here with the flares.	哎呀，我們不應該帶著警示燈來這裡。
You have no use for the flares right now.	你現在用不著警示燈。
Your flare box is already full!	你的警示燈箱已經滿了！
You hear the man yell to you... "Police officer!"	你聽到那個男人對你大喊…… 「警察！」
There's a large man getting out of the car to meet you.	有個大塊頭從車裡出來面對你。
The man has something in his hand that you cannot identify.	那個男人手裡拿著你看不出是什麼的東西。
I was tailing a drug runner. I couldn't I.D. myself on the road.	我在跟蹤毒販。我在路上無法確認自己身份。
Damn! Maybe I can still catch up. Are we kosher, here?	該死！我還能追上去。我們這樣沒問題吧？
Go get him. Sorry if I screwed you up.	去抓他。抱歉害你被動。
Hell, I was speeding. You didn't know me from Adam. I'm outta here.	該死，我超速了。你根本不認識我。我滾了。
Sir, you seem to be driving a bit erratically.   I need to see your driver's license.	先生，你好像開得有點不穩定。   我需要看你的駕駛執照。
As he fumbles through his wallet getting his license, you think to yourself...	他翻著錢包拿駕照的時候，你心想……
It's obvious by looking, this man is inebriated.	一看就明顯，這個人喝醉了。
Have you been drinking, sir?	先生，你有喝酒嗎？
Juss acouple	就喝了幾杯
Shhaayy *hiccup* Occifer, whaddaya shhaayy we polissshhh off abodola bourbon to-togethherr?	Shhaayy *打嗝* Occifer，你說咱們 polissshhh off 一瓶波本威士忌如何？
You think to yourself... "If I continue inhaling the pollution this man is exhaling, my lungs will be worse off than the ozone layer."	你心想…… 「如果我繼續吸這傢伙呼出的廢氣，我的肺會比臭氧層還糟。」
Would you please step out of the car, sir, and perform a field sobriety test?	先生，你能下車嗎，進行一項現場清醒測試？
What..*hic* .. ever you shhaayy ocifer.	What..*打嗝* .. 你說啥 ocifer。
Sir! I want you to follow my finger with your eyes from side to side without moving your head.	先生！我要你眼睛跟著我的手指左右移動，不要動頭。
"Okay" he says.	「好的。」他說。
"Holy smokes!" you think to yourself, "this poor guy is plowed!"	「天哪！」你心想，「這傢伙醉得一塌糊塗！」
Obviously, this man is too drunk to be driving.	明顯地，這個人醉得無法開車。
YUCK!	呃！
Sir, I have to take you into custody for driving under the influence.	先生，我必須因酒後駕駛把你帶走。
Please place your hands on the hood of the car.	請把你的手放在車蓋上。
Please step over to the patrol car.	請走到巡邏車。
Sir... based on the test I've given you (and the puke all over my shoes)...	先生…… 根據我給你做的測試（以及我鞋子上全是吐物）……
... it is obvious that you are intoxicated and in no condition to drive. I'm going to have to place you under arrest.	…… 很明顯你喝醉了，沒有開車的狀態。我必須逮捕你。
The drunk just sways in front of you.	那個醉漢就在你前面搖搖晃晃。
The intoxicated gentleman just weaves in front of you.	那個醉漢就在你前面搖搖晃晃。
He's sitting quietly in the patrol car.	他靜靜坐在巡邏車裡。
It's a good thing he has a car to lean on.	幸虧他有個車子可以靠。
"Damn" you think to yourself, "I left my cuffs back at the Booking Office."	「該死。」你心想，「我把手銬留在訊問室了。」
Don't bother. He's too incoherent.	別費力了。他說話不清楚。
You're one sick puppy, Bonds.	Bonds，你真是個變態。
Sir, I pulled you over because you were driving too slow in the fast lane and traffic was backing up behind you.	先生，我攔下你是因為你在快車道開得太慢，後面的交通堵住了。
You finish by requesting his driver's license and registration.	你最後請求他的駕駛執照和登記。
Whatchu talkin' `bout man? You guys always just want to hassle me!	你在說什麼呢，老兄？你們總想找我麻煩！
Say esse, you can check out my ride.   I have a brand new smoglia device.  Jus' don't lean on my new paint job.	Say esse，你可以檢查我的車。   我有個全新的防污染裝置。  不過別靠在我的新漆上。
After checking the registration, you hand it back to him and he says...	檢查完登記後，你把它還給他，他說……
You pigs are all the same man!	你們警察都一樣，老兄！
I am going to issue you a citation for impeding traffic.	我要開罰單給你阻礙交通。
I can not belief this man, I was jus' trying to keep from getting bugs all over my new flame job man.	我真不敢相信，我只是想避免蟲子飛到我的新漆上，老兄。
After handing the ticket and his license to Mr. Ruiz, he says...	遞給 Ruiz 先生罰單和駕照後，他說……
Iieee! Man, you pigs make me want to puke, man!	嗨！老兄，你們警察讓我想吐，老兄！
I'll see you in the people's court, man!	我在人民法庭見，老兄！
Judge Wapner will take care of you, esse!	Judge Wapner 會搞定你，esse！
And you have a nice day, sir.	祝你今天愉快，先生。
Well main! What chu going to do, write me a teeket or jus stand and loook at me?	Well main！你要做什麼，開罰單給我還是就這樣看著我？
Better write this guy a ticket and get on with life!	最好開罰單給這傢伙，繼續過日子！
You decide not to issue Mr. Ruiz a citation. Handing him his license you say...	你決定不開罰單給 Ruiz 先生。遞給他駕照你說……
Mr. Ruiz, I'm going to let you go with a warning this time. Just drive with the flow of traffic from now on.	Ruiz 先生，這次我只警告你。從現在起就隨著交通流速開。
Alright esse! Thanks man. Sorry `bout that pig thing man!	好吧 esse！謝謝老兄。抱歉剛才那個警察的事，老兄！
And you have a good day, sir.	祝你今天愉快，先生。
He doesn't look too pleased. Better get on with it.	他看起來不太高興。最好繼續。
What are you going to do? Kick the tires?	你要做什麼？踢輪胎嗎？
Good Lord! Where'd YOU come from? Ya musta fell from outta the sky, man, 'cause I never saw ya!	天哪！你是從哪冒出來的？老兄，你一定是從天上掉下來的，因為我從沒看過你！
Sir, I'll need to see your driver's license and vehicle registration please.	先生，我需要看你的駕駛執照和車輛登記。
Do you know why I stopped you?	你知道我為什麼攔下你嗎？
I know, I know. I was speedin'. I had ta do it, man. See, I'm on my way ta see this beautifully constructed female. A real Nubian Queen! Know what I mean?	我知道，我知道。我超速了。老兄，我非得這樣做。看，我在趕去見一個標緻的女孩。一個真正的努比亞皇后！你懂我的意思嗎？
Try ta picture it, Officer! She's got these LEGS.... Have mercy! They go ALL the way up! Can I help it if I'm a sucka for beauty?	想像一下吧，警官！她有這樣的腿…… 天哪！一直往上！我如果是個美女獵人還能怎樣？
See, it was takin' WAY too long ta get ta her house. Another ten minutes and I wouldna been able to drive at all. You know what I mean... don't you, Officer?	看，開到她家太久了。再十分鐘我就開不了了。你懂我的意思…… 對吧，警官？
I'm sure ya wouldn't want a man in my condition drivin' around causin' accidents, now would ya? I was jus' tryin' ta get off - the road, that is.	你不會想讓我這樣的人開著車到處造成事故吧？我只是想趕快下車—— 我是說下路。
I'm sorry, Mr. Hanley. I sympathize with you, but you're going to have to be more responsible when you're operating a moving vehicle.	我很遺憾，Hanley 先生。我同情你，但你開車時得更負責任。
Gotta give me a ticket, huh? Well, that's what I get for bein' a hero. Yer jus' doin' yer job. Am I OK to go now?	一定要開罰單給我，嗯？好吧，那就是當英雄的下場。你只是在做你的工作。我現在可以走了嗎？
You're all set. Slow it down and have a good evening.	你沒問題了。開慢點，祝你晚上愉快。
Oh, I WILL!	哦，我會！
Mr. Hanley, if you promise to slow it down, I'll give you a warning.	Hanley 先生，如果你答應開慢點，我就警告你。
Whoa! No kiddin'?! That's what I call a man lookin' out for another man - keepin' all the beauties in life satisfied! Know what I mean?	哇！不騙人？那就是我說的人道主義—— 讓生活中所有美女都滿足！你懂我的意思？
I hear ya. Slow it down and have a good evening.	我聽你的。開慢點，祝你晚上愉快。
Yea right dude.	是啦，老兄。
Okay, boss man, you handle it!	好的，頭，你來處理！
Why is the violator refusing to sign the ticket?	為什麼違規人不肯簽罰單？
Who knows!  Geez!  First I get this stupid cow, now I have ta deal with you, too!	誰知道！  天哪！  先來這隻蠢母牛，現在還要對付你！
This policy about calling a supervisor for failure to sign SUCKS!	這個簽不了就叫主管的政策真爛！
Look, I don't need ya!  I'm taking her downtown.	聽著，我不需要你！  我要帶她去市區。
No, you're not.  You're going to stand right here until I have a chance to talk to the violator.	不，你不會。  你要站在這裡，直到我有機會和違規人談話。
Alright, Morales, the violator said you were abusive and rude.  Why don't I have a hard time believing that?	好吧，Morales，違規人說你態度粗暴無禮。  為什麼我不太相信？
Look, Sarge, it's obvious the lady's hysterical.  She'd pop off if ya looked at her funny.	聽著，警佐，很明顯那女人歇斯底里。  你只要看她一眼她就會爆炸。
She's been belligerent and hostile ever since I stopped her.  She's beggin' for a night in jail.	自從我攔下她以來她就一直好戰和敵視。  她求著要進監獄。
So whaddaya gonna do, boss man?	那你要怎樣，老闆？
INCARCERATE-Take her to jail, Pat.\n\nSIGNATURE-I'll witness her failure to sign.\n	「投入監獄」—— 把她帶進監獄，Pat。\n\n「簽名」—— 我會見證她拒簽。\n
Wisely and correctly you write, "Refusal to sign" in the signature box.	你明智而正確地在簽名欄寫上「拒簽」。
Geez!  Where'd ya get your training? Charm school?  Just let her walk all over you...why doncha?!	天哪！  你是在哪兒受的訓練？魅力學校？  就讓她欺負你…… 你為什麼不？！
Brilliant deduction, Sherlock.  Like I said before, I was already set to take her downtown.	聰慧的推理，Sherlock。  就像我之前說的，我已經準備帶她去市區了。
